-- phpMyAdmin SQL Dump
-- version 3.5.1
-- http://www.phpmyadmin.net
--
-- Client: localhost
-- Généré le: Jeu 29 Novembre 2012 à 18:10
-- Version du serveur: 5.5.24-log
-- Version de PHP: 5.3.13

SET SQL_MODE="NO_AUTO_VALUE_ON_ZERO";
SET time_zone = "+00:00";


/*!40101 SET @OLD_CHARACTER_SET_CLIENT=@@CHARACTER_SET_CLIENT */;
/*!40101 SET @OLD_CHARACTER_SET_RESULTS=@@CHARACTER_SET_RESULTS */;
/*!40101 SET @OLD_COLLATION_CONNECTION=@@COLLATION_CONNECTION */;
/*!40101 SET NAMES utf8 */;

--
-- Base de données: `projet`
--

-- --------------------------------------------------------

--
-- Structure de la table `eleve`
--

CREATE TABLE IF NOT EXISTS `eleve` (
  `numEtudiant` int(10) NOT NULL AUTO_INCREMENT,
  `anneeRedouble` tinyint(1) NOT NULL DEFAULT '0',
  `idPromo` int(2) NOT NULL,
  `idUtil` int(5) NOT NULL,
  PRIMARY KEY (`numEtudiant`)
) ENGINE=InnoDB  DEFAULT CHARSET=latin1 AUTO_INCREMENT=161 ;

--
-- Contenu de la table `eleve`
--

INSERT INTO `eleve` (`numEtudiant`, `anneeRedouble`, `idPromo`, `idUtil`) VALUES
(1, 0, 2, 5),
(2, 0, 1, 6),
(3, 0, 1, 7),
(4, 0, 1, 8),
(5, 0, 1, 9),
(6, 0, 1, 10),
(7, 0, 2, 11),
(8, 0, 1, 12),
(9, 0, 2, 13),
(10, 0, 1, 14),
(11, 0, 1, 15),
(12, 0, 2, 16),
(13, 0, 1, 17),
(14, 0, 2, 18),
(15, 0, 2, 19),
(16, 0, 1, 20),
(17, 0, 1, 21),
(18, 0, 1, 22),
(19, 0, 2, 23),
(20, 0, 1, 24),
(21, 0, 2, 25),
(22, 0, 2, 26),
(23, 0, 1, 27),
(24, 0, 2, 28),
(25, 0, 1, 29),
(26, 0, 1, 30),
(27, 0, 1, 31),
(28, 0, 1, 32),
(29, 0, 1, 33),
(30, 0, 1, 34),
(31, 0, 1, 35),
(32, 0, 1, 36),
(33, 0, 1, 37),
(34, 0, 1, 38),
(35, 0, 1, 39),
(36, 0, 2, 40),
(37, 0, 1, 41),
(38, 0, 1, 42),
(39, 0, 1, 43),
(40, 0, 1, 44),
(41, 0, 1, 45),
(42, 0, 1, 46),
(43, 0, 1, 47),
(44, 0, 1, 48),
(45, 0, 2, 49),
(46, 0, 1, 50),
(47, 0, 1, 51),
(48, 0, 1, 52),
(49, 0, 1, 53),
(50, 0, 2, 54),
(51, 0, 2, 55),
(52, 0, 1, 56),
(53, 0, 1, 57),
(54, 0, 1, 58),
(55, 0, 1, 59),
(56, 0, 1, 60),
(57, 0, 2, 61),
(58, 0, 2, 62),
(59, 0, 1, 63),
(60, 0, 2, 64),
(61, 0, 1, 65),
(62, 0, 1, 66),
(63, 0, 1, 67),
(64, 0, 1, 68),
(65, 0, 1, 69),
(66, 0, 1, 70),
(67, 0, 1, 71),
(68, 0, 1, 72),
(69, 0, 1, 73),
(70, 0, 1, 74),
(71, 0, 1, 75),
(72, 0, 2, 76),
(73, 0, 1, 77),
(74, 0, 1, 78),
(75, 0, 1, 79),
(76, 0, 2, 80),
(77, 0, 1, 81),
(78, 0, 1, 82),
(79, 0, 2, 83),
(80, 0, 1, 84),
(81, 0, 1, 85),
(82, 0, 1, 86),
(83, 0, 2, 87),
(84, 0, 2, 88),
(85, 0, 2, 89),
(86, 0, 2, 90),
(87, 0, 2, 91),
(88, 0, 1, 92),
(89, 0, 1, 93),
(90, 0, 1, 94),
(91, 0, 1, 95),
(92, 0, 2, 96),
(93, 0, 1, 97),
(94, 0, 1, 98),
(95, 0, 1, 99),
(96, 0, 1, 100),
(97, 0, 1, 101),
(98, 0, 2, 102),
(99, 0, 2, 103),
(100, 0, 2, 104),
(101, 0, 1, 105),
(102, 0, 1, 106),
(103, 0, 2, 107),
(104, 0, 1, 108),
(105, 0, 1, 109),
(106, 0, 1, 110),
(107, 0, 1, 111),
(108, 0, 1, 112),
(109, 0, 1, 113),
(110, 0, 1, 114),
(111, 0, 2, 115),
(112, 0, 1, 116),
(113, 0, 1, 117),
(114, 0, 2, 118),
(115, 0, 2, 119),
(116, 0, 1, 120),
(117, 0, 2, 121),
(118, 0, 1, 122),
(119, 0, 1, 123),
(120, 0, 1, 124),
(121, 0, 1, 125),
(122, 0, 1, 126),
(123, 0, 1, 127),
(124, 0, 2, 128),
(125, 0, 1, 129),
(126, 0, 1, 130),
(127, 0, 1, 131),
(128, 0, 1, 132),
(129, 0, 2, 133),
(130, 0, 1, 134),
(131, 0, 1, 135),
(132, 0, 1, 136),
(133, 0, 1, 137),
(134, 0, 1, 138),
(135, 0, 1, 139),
(136, 0, 1, 140),
(137, 0, 2, 141),
(138, 0, 1, 142),
(139, 0, 1, 143),
(140, 0, 1, 144),
(141, 0, 1, 145),
(142, 0, 1, 146),
(143, 0, 1, 147),
(144, 0, 1, 148),
(145, 0, 1, 149),
(146, 0, 2, 150),
(147, 0, 2, 151),
(148, 0, 2, 152),
(149, 0, 1, 153),
(150, 0, 1, 154),
(151, 0, 2, 155),
(152, 0, 2, 156),
(153, 0, 2, 157),
(154, 0, 1, 158),
(155, 0, 2, 159),
(156, 0, 1, 160),
(157, 0, 1, 161),
(158, 0, 1, 162),
(159, 0, 1, 163),
(160, 0, 1, 164);

-- --------------------------------------------------------

--
-- Structure de la table `examen`
--

CREATE TABLE IF NOT EXISTS `examen` (
  `idExam` int(3) NOT NULL AUTO_INCREMENT,
  `libelle` varchar(30) NOT NULL,
  `idMat` int(2) NOT NULL,
  `date` date NOT NULL,
  `idType` int(2) NOT NULL,
  PRIMARY KEY (`idExam`)
) ENGINE=InnoDB DEFAULT CHARSET=latin1 AUTO_INCREMENT=1 ;

-- --------------------------------------------------------

--
-- Structure de la table `matiere`
--

CREATE TABLE IF NOT EXISTS `matiere` (
  `idMat` int(2) NOT NULL AUTO_INCREMENT,
  `libelle` varchar(30) NOT NULL,
  `coefMat` int(2) NOT NULL,
  `idMod` int(2) NOT NULL,
  `idProf` int(2) NOT NULL,
  PRIMARY KEY (`idMat`)
) ENGINE=InnoDB DEFAULT CHARSET=latin1 AUTO_INCREMENT=1 ;

-- --------------------------------------------------------

--
-- Structure de la table `module`
--

CREATE TABLE IF NOT EXISTS `module` (
  `idMod` int(2) NOT NULL AUTO_INCREMENT,
  `libelle` varchar(30) NOT NULL,
  `idPromo` int(2) NOT NULL,
  PRIMARY KEY (`idMod`)
) ENGINE=InnoDB DEFAULT CHARSET=latin1 AUTO_INCREMENT=1 ;

-- --------------------------------------------------------

--
-- Structure de la table `participe`
--

CREATE TABLE IF NOT EXISTS `participe` (
  `numEtudiant` int(10) NOT NULL,
  `idExam` int(3) NOT NULL,
  `note` int(2) NOT NULL,
  PRIMARY KEY (`numEtudiant`,`idExam`)
) ENGINE=InnoDB DEFAULT CHARSET=latin1;

-- --------------------------------------------------------

--
-- Structure de la table `prof`
--

CREATE TABLE IF NOT EXISTS `prof` (
  `idProf` int(2) NOT NULL AUTO_INCREMENT,
  `numBureau` varchar(5) NOT NULL,
  `telBureau` int(10) NOT NULL,
  `idUtil` int(2) NOT NULL,
  PRIMARY KEY (`idProf`)
) ENGINE=InnoDB DEFAULT CHARSET=latin1 AUTO_INCREMENT=1 ;

-- --------------------------------------------------------

--
-- Structure de la table `promo`
--

CREATE TABLE IF NOT EXISTS `promo` (
  `idPromo` int(2) NOT NULL,
  `libelle` varchar(30) NOT NULL,
  PRIMARY KEY (`idPromo`)
) ENGINE=InnoDB DEFAULT CHARSET=latin1;

--
-- Contenu de la table `promo`
--

INSERT INTO `promo` (`idPromo`, `libelle`) VALUES
(1, 'CPI1'),
(2, 'CPI2');

-- --------------------------------------------------------

--
-- Structure de la table `role`
--

CREATE TABLE IF NOT EXISTS `role` (
  `idRole` int(2) NOT NULL,
  `libelle` varchar(30) NOT NULL,
  PRIMARY KEY (`idRole`)
) ENGINE=InnoDB DEFAULT CHARSET=latin1;

--
-- Contenu de la table `role`
--

INSERT INTO `role` (`idRole`, `libelle`) VALUES
(1, 'visiteur'),
(2, 'étudiant'),
(3, 'professeur'),
(4, 'administrateur');

-- --------------------------------------------------------

--
-- Structure de la table `typexam`
--

CREATE TABLE IF NOT EXISTS `typexam` (
  `idType` int(2) NOT NULL,
  `libelle` varchar(30) NOT NULL,
  `coef` int(2) NOT NULL,
  PRIMARY KEY (`idType`)
) ENGINE=InnoDB DEFAULT CHARSET=latin1;

--
-- Contenu de la table `typexam`
--

INSERT INTO `typexam` (`idType`, `libelle`, `coef`) VALUES
(1, 'Devoir Surveillé', 4),
(2, 'Interrogation', 2),
(3, 'DM', 1),
(4, 'TP', 2);

-- --------------------------------------------------------

--
-- Structure de la table `utilisateur`
--

CREATE TABLE IF NOT EXISTS `utilisateur` (
  `idUtil` int(5) NOT NULL AUTO_INCREMENT,
  `login` varchar(30) NOT NULL,
  `pass` varchar(30) NOT NULL,
  `nom` varchar(30) NOT NULL,
  `prenom` varchar(30) NOT NULL,
  `idRole` int(2) NOT NULL,
  PRIMARY KEY (`idUtil`)
) ENGINE=InnoDB  DEFAULT CHARSET=latin1 AUTO_INCREMENT=165 ;

--
-- Contenu de la table `utilisateur`
--

INSERT INTO `utilisateur` (`idUtil`, `login`, `pass`, `nom`, `prenom`, `idRole`) VALUES
(1, 'lesieurchr', 'E22944:lesie', 'Lesieur', 'Christophe', 4),
(2, 'hiraclides', 'E34222:hirac', 'Hiraclides', 'Nicolas', 4),
(3, 'kowaleswsk', 'E36046:kowal', 'Kowalewski', 'Matthieu', 4),
(4, 'vanniertho', 'E83516:vanni', 'Vannier', 'Thommas', 4),
(5, 'abidalrola', 'eleve', 'Abidal', 'Roland', 2),
(6, 'adamolijon', 'eleve', 'Adamoli', 'Jonathan', 2),
(7, 'agasseroma', 'eleve', 'Agasse', 'Romain', 2),
(8, 'agnolinnic', 'eleve', 'Agnolin', 'Nicolas', 2),
(9, 'aitmohandh', 'eleve', 'Ait -Mohand', 'Hilal', 2),
(10, 'alganrobin', 'eleve', 'Algan', 'Robin', 2),
(11, 'alvesduart', 'eleve', 'Alves Duart?', 'Vincent', 2),
(12, 'amarokevin', 'eleve', 'Amaro', 'K?vin', 2),
(13, 'arkatyani', 'eleve', 'Arkat', 'Yani', 2),
(14, 'aubertingu', 'eleve', 'Aubertin', 'Guillaume', 2),
(15, 'auchermaxi', 'eleve', 'Aucher', 'Maxime', 2),
(16, 'balafrejan', 'eleve', 'Balafrej', 'Anis', 2),
(17, 'barayanis', 'eleve', 'Bara', 'Yanis', 2),
(18, 'bardalan', 'eleve', 'Bard', 'Alan', 2),
(19, 'bargainant', 'eleve', 'Bargain', 'Antoine', 2),
(20, 'benkemounm', 'eleve', 'Benkemoun', 'Mehdi', 2),
(21, 'bertheanto', 'eleve', 'Berthe', 'Antoine', 2),
(22, 'beurotteju', 'eleve', 'Beurotte', 'Julien', 2),
(23, 'bianchiale', 'eleve', 'Bianchi', 'Alexandre', 2),
(24, 'binetalexa', 'eleve', 'Binet', 'Alexandre', 2),
(25, 'blanchetad', 'eleve', 'Blanchet', 'Adrien', 2),
(26, 'brasackevi', 'eleve', 'Brasac', 'K?vin', 2),
(27, 'brelarnaud', 'eleve', 'Brel', 'Arnaud', 2),
(28, 'bretonnier', 'eleve', 'Bretonni?re', 'Anne', 2),
(29, 'budimbuesu', 'eleve', 'Budimbu-Esuku', 'Michel', 2),
(30, 'buissartni', 'eleve', 'Buissart', 'Nicolas', 2),
(31, 'carreracle', 'eleve', 'Carrera', 'Cl?ment', 2),
(32, 'chachouamo', 'eleve', 'Chachoua', 'Mounir', 2),
(33, 'chachouasa', 'eleve', 'Chachoua', 'Samir', 2),
(34, 'chamoiniva', 'eleve', 'Chamoin', 'Ivan', 2),
(35, 'cheniounir', 'eleve', 'Cheniouni', 'Rayane', 2),
(36, 'clapieflor', 'eleve', 'Clapie', 'Florent', 2),
(37, 'clementale', 'eleve', 'Clement', 'Alexandre', 2),
(38, 'cordinaseb', 'eleve', 'Cordina', 'S?bastien', 2),
(39, 'dasilvamat', 'eleve', 'Da Silva', 'Mathilde', 2),
(40, 'dahmanisou', 'eleve', 'Dahmani', 'Souheil', 2),
(41, 'dalimalik', 'eleve', 'Dali', 'Malik', 2),
(42, 'demollerat', 'eleve', 'De Mollerat Du Jeu', 'Thibaut', 2),
(43, 'debbahyass', 'eleve', 'Debbah', 'Yassine', 2),
(44, 'demaillybe', 'eleve', 'Demailly', 'Benjamin', 2),
(45, 'demirdikra', 'eleve', 'Demir', 'Dikran', 2),
(46, 'derailclem', 'eleve', 'Derail', 'Cl?mence', 2),
(47, 'deshayesch', 'eleve', 'Deshayes-Chossart', 'J?r?me', 2),
(48, 'diasguilla', 'eleve', 'Dias', 'Guillaume', 2),
(49, 'doshugo', 'eleve', 'Dos', 'Hugo', 2),
(50, 'duhamelale', 'eleve', 'Duhamel', 'Alexandre', 2),
(51, 'duquocvale', 'eleve', 'Duquoc', 'Val?rian', 2),
(52, 'duretantoi', 'eleve', 'Duret', 'Antoine', 2),
(53, 'dziedzinlr', 'eleve', 'Dziedzinl', 'Richard', 2),
(54, 'ennebatibe', 'eleve', 'Ennebati', 'Bena?ssa', 2),
(55, 'famelartva', 'eleve', 'Famelart', 'Valentin', 2),
(56, 'fosserohan', 'eleve', 'Foss?', 'Rohan', 2),
(57, 'fougniesgr', 'eleve', 'Fougnies', 'Gr2goire', 2),
(58, 'franciseve', 'eleve', 'Francis', 'Everest', 2),
(59, 'frenetbour', 'eleve', 'Frenet-Bourgoin', 'Guillaume', 2),
(60, 'geffrayero', 'eleve', 'Geffraye', 'Romain', 2),
(61, 'geoffroyfl', 'eleve', 'Geoffroy', 'Florian', 2),
(62, 'germainxav', 'eleve', 'Germain', 'Xavier', 2),
(63, 'gobinarthu', 'eleve', 'Gobin', 'Arthur', 2),
(64, 'graillejea', 'eleve', 'Graille', 'Jean-Baptiste', 2),
(65, 'greniermax', 'eleve', 'Grenier', 'Maxime', 2),
(66, 'grillamour', 'eleve', 'Grill', 'Amoury', 2),
(67, 'grodkevin', 'eleve', 'Grod', 'Kevin', 2),
(68, 'guillonpie', 'eleve', 'Guillon', 'Pierrick', 2),
(69, 'gunthernic', 'eleve', 'Gunther', 'Nicolas', 2),
(70, 'hamlasalah', 'eleve', 'Hamla', 'Salah', 2),
(71, 'henrymarle', 'eleve', 'Henry', 'Marl?ne', 2),
(72, 'hologanpie', 'eleve', 'Hologan', 'Pierre-Alexandre', 2),
(73, 'huilletpau', 'eleve', 'Huillet', 'Paul', 2),
(74, 'hyacinthec', 'eleve', 'Hyacinthe', 'Cl?ment', 2),
(75, 'jemlisafa', 'eleve', 'Jemli', 'Safa', 2),
(76, 'joretbasti', 'eleve', 'Joret', 'Bastien', 2),
(77, 'labidiraph', 'eleve', 'Labidi', 'Rapha?l', 2),
(78, 'lairthomas', 'eleve', 'Lair', 'Thomas', 2),
(79, 'laperouses', 'eleve', 'Laperouse', 'Sean', 2),
(80, 'lasriothma', 'eleve', 'Lasri', 'Othman', 2),
(81, 'laurentmat', 'eleve', 'Laurent', 'Matthieu', 2),
(82, 'lazzarinob', 'eleve', 'Lazzarino', 'Benjamin', 2),
(83, 'lebouterja', 'eleve', 'Le Bouter', 'Jacques', 2),
(84, 'ledretkevi', 'eleve', 'Le Dret', 'Kevin', 2),
(85, 'ledujuliet', 'eleve', 'Le Du', 'Juliette', 2),
(86, 'letiecloic', 'eleve', 'Le Tiec', 'Lo?c', 2),
(87, 'lebelvish', 'eleve', 'LEBEL', 'Vishnu', 2),
(88, 'levi', 'eleve', 'LEBEL', 'VISHNU', 2),
(89, 'lemassonbr', 'eleve', 'Lemasson', 'Brian', 2),
(90, 'lepicardce', 'eleve', 'Lepicard', 'C?line', 2),
(91, 'leroymathi', 'eleve', 'Leroy', 'Mathilde', 2),
(92, 'lesignacda', 'eleve', 'Lesignac', 'Damien', 2),
(93, 'maazaouiyo', 'eleve', 'Maazaoui', 'Yousri', 2),
(94, 'manryauxan', 'eleve', 'Manry', 'Auxane', 2),
(95, 'martinpier', 'eleve', 'Martin', 'Pierre', 2),
(96, 'marzouksam', 'eleve', 'Marzouk', 'Sami', 2),
(97, 'massotfran', 'eleve', 'Massot', 'Fran?ois', 2),
(98, 'mauduiteme', 'eleve', 'Mauduit', '?meric', 2),
(99, 'mayanjosea', 'eleve', 'Mayan', 'Jos?-Alexandre', 2),
(100, 'mercierlau', 'eleve', 'Mercier', 'Laura', 2),
(101, 'mesbahygab', 'eleve', 'Mesbahy', 'Gabriel', 2),
(102, 'michalakst', 'eleve', 'Michalak', 'Stanislas', 2),
(103, 'michonmatt', 'eleve', 'Michon', 'Matthieu', 2),
(104, 'mongodinma', 'eleve', 'Mongodin', 'Maxime', 2),
(105, 'morannynic', 'eleve', 'Moranny', 'Nicolas', 2),
(106, 'morinmarwa', 'eleve', 'Morin', 'Marwan', 2),
(107, 'moubarakha', 'eleve', 'Moubarak', 'Hannoun', 2),
(108, 'mulleraloi', 'eleve', 'M?ller', 'Alo', 2),
(109, 'nguonmicka', 'eleve', 'Nguon', 'Mick?el', 2),
(110, 'nguyennico', 'eleve', 'Nguyen', 'Nicolas', 2),
(111, 'nguyentun', 'eleve', 'Nguyen', 'Tung-Trac', 2),
(112, 'nicolasque', 'eleve', 'Nicolas', 'Quentin', 2),
(113, 'noretsebas', 'eleve', 'Noret', 'Sebastien', 2),
(114, 'normandgui', 'eleve', 'Normand', 'Guillaume', 2),
(115, 'noshymicka', 'eleve', 'Noshy', 'Mickael', 2),
(116, 'onddercan', 'eleve', 'Ondder', 'Can', 2),
(117, 'oueriemime', 'eleve', 'Oueriemi', 'Mehdy', 2),
(118, 'ozoufguill', 'eleve', 'Ozouf', 'Guillaume', 2),
(119, 'papillonth', 'eleve', 'Papillon', 'Thomas', 2),
(120, 'parayjulie', 'eleve', 'Paray', 'Julie', 2),
(121, 'passinaygu', 'eleve', 'Passinay', 'Guillaume', 2),
(122, 'peignonmel', 'eleve', 'Peignon', 'Melvyn', 2),
(123, 'peleszezak', 'eleve', 'Peleszezak', 'Laetitia', 2),
(124, 'phinithflo', 'eleve', 'Phinith', 'Florian', 2),
(125, 'pinquieray', 'eleve', 'Pinquier', 'Aymeric', 2),
(126, 'prosperire', 'eleve', 'Prosperi', 'R?mi', 2),
(127, 'ptaceknico', 'eleve', 'Ptacek', 'Nicolas', 2),
(128, 'pelekhinep', 'eleve', 'P?l?khine', 'Pierre', 2),
(129, 'raberinjul', 'eleve', 'Raberin', 'Julien', 2),
(130, 'ragotpaul', 'eleve', 'Ragot', 'Paul', 2),
(131, 'ranaivoson', 'eleve', 'Ranaivoson', 'Dialinandrianina', 2),
(132, 'rasamoelis', 'eleve', 'Rasamoelison', 'Lawrencio', 2),
(133, 'raynaudfla', 'eleve', 'Raynaud', 'Flavien', 2),
(134, 'rosaalexis', 'eleve', 'Rosa', 'Alexis', 2),
(135, 'rostaingan', 'eleve', 'Rostaing', 'Antonin', 2),
(136, 'roykeny', 'eleve', 'Roy', 'Keny', 2),
(137, 'roymatthie', 'eleve', 'Roy', 'Matthieu', 2),
(138, 'sambandamg', 'eleve', 'Sambandam', 'Ghislain', 2),
(139, 'sarreauoli', 'eleve', 'Sarreau', 'Olivier', 2),
(140, 'savinthiba', 'eleve', 'Savin', 'Thibault', 2),
(141, 'schmittthi', 'eleve', 'Schmitt', 'Thibaut', 2),
(142, 'schollaert', 'eleve', 'Schollaert', 'Thomas', 2),
(143, 'sedougasab', 'eleve', 'Sedouga', 'Sabrina', 2),
(144, 'sereteponi', 'eleve', 'Seret', '?ponine', 2),
(145, 'simoussapa', 'eleve', 'Si;Moussa', 'Paul', 2),
(146, 'simonvince', 'eleve', 'Simon', 'Vincent', 2),
(147, 'simonnatha', 'eleve', 'Simon', 'Nathaniel', 2),
(148, 'simonivinc', 'eleve', 'Simoni', 'Vincent', 2),
(149, 'sylveriuss', 'eleve', 'Sylverius', 'Surya', 2),
(150, 'tajosselin', 'eleve', 'Ta', 'Josselin', 2),
(151, 'tabogamarc', 'eleve', 'Taboga', 'Marc', 2),
(152, 'testiermar', 'eleve', 'Testier', 'Marc-Antoine', 2),
(153, 'thayaparan', 'eleve', 'Thayaparan', 'Jeevithan', 2),
(154, 'thebaultvi', 'eleve', 'Thebault', 'Victor', 2),
(155, 'thibaudale', 'eleve', 'Thibaud', 'Alexandre', 2),
(156, 'thomasdemo', 'eleve', 'THOMAS;DE;MONTPREVIL', 'HENRI', 2),
(157, 'torrepierr', 'eleve', 'Torre', 'Pierre', 2),
(158, 'tourneuxce', 'eleve', 'Tourneux', 'Celeste', 2),
(159, 'transylvai', 'eleve', 'Tran', 'Sylvain', 2),
(160, 'tschupparn', 'eleve', 'Tschupp', 'Arnaud', 2),
(161, 'vandiniflo', 'eleve', 'Vandini', 'Florian', 2),
(162, 'vansadiara', 'eleve', 'Vansadia', 'Rajdip', 2),
(163, 'villaincle', 'eleve', 'Villain', 'Cl?ment', 2),
(164, 'zambazamba', 'eleve', 'Zamba-Zamba', 'Fady', 2);

/*!40101 SET CHARACTER_SET_CLIENT=@OLD_CHARACTER_SET_CLIENT */;
/*!40101 SET CHARACTER_SET_RESULTS=@OLD_CHARACTER_SET_RESULTS */;
/*!40101 SET COLLATION_CONNECTION=@OLD_COLLATION_CONNECTION */;
